"","Var1","Var2","bicor","pval","obs","sig"
"1","Age","ME3",-0.270151114600323,0.0726906615350256,45,""
"2","Sex","ME3",-0.0371760871480361,0.808430884370064,45,""
"3","Bodyweight","ME3",0.208566913952974,0.169158392352652,45,""
"4","Lean_mass","ME3",-0.141176255640145,0.354948359849973,45,""
"5","Fat_mass","ME3",0.576585143971481,3.39282263886387e-05,45,"***"
"6","BodyFat","ME3",0.544590902708001,0.00010994933853452,45,"***"
"7","BMI","ME3",0.309189412296233,0.038764078059055,45,"*"
"8","Waist_circumference","ME3",0.385753680349337,0.00886935783327399,45,"**"
"9","SBP","ME3",0.00165453294171528,0.991393692815455,45,""
"10","DBP","ME3",0.0783448663587545,0.608964849168763,45,""
"11","Resting_HR","ME3",0.168868789943322,0.267466449085645,45,""
"12","Max_HR","ME3",0.0937360567330157,0.540235504527742,45,""
"13","VO2peak","ME3",-0.184018933316685,0.226253729691953,45,""
"14","VO2peak_kg_min","ME3",-0.461370563092856,0.00142313044367089,45,"**"
"15","VO2peak_kgLM_min","ME3",-0.0724185389051267,0.636391950857098,45,""
"16","RMR","ME3",0.0121454309134602,0.937631420590419,44,""
"17","Fat_OX","ME3",0.0778780101418336,0.615332063601016,44,""
"18","CHO_OX","ME3",-0.0553258140506784,0.721317674003555,44,""
"19","HOMA_IR","ME3",0.378148646211765,0.010431075703825,45,"*"
"20","Adipo_IR","ME3",0.119300794875884,0.435056968849679,45,""
"21","Glucose","ME3",0.42488703341394,0.00362278883961801,45,"**"
"22","Insulin","ME3",0.318731461095946,0.0328466841573707,45,"*"
"23","NEFA","ME3",0.00166523714231629,0.9913380153755,45,""
"24","Glycerol","ME3",0.043912974772096,0.774551936781436,45,""
"25","Triglyceride","ME3",0.283292475249929,0.0624019337346425,44,""
"26","Lactate","ME3",0.322967978378504,0.0304698131231015,45,"*"
"27","Cortisol","ME3",0.380054155140546,0.0109371535717307,44,"*"
"28","IFNg","ME3",-0.0547060179985271,0.721151890869743,45,""
"29","IL10","ME3",0.0389875614332818,0.803964708349129,43,""
"30","IL1b","ME3",0.0399855115162815,0.794256652836849,45,""
"31","IL6","ME3",-0.0667272876599428,0.694767819034478,37,""
"32","TNFa","ME3",-0.16798994093246,0.270000683946259,45,""
"33","FCS_mean","ME3",0.374547258759941,0.0112494038608434,45,"*"
"34","SR","ME3",-0.35588907467434,0.0164248946979865,45,"*"
"35","CD14_per_adipocyte","ME3",0.206327280634987,0.179035561560617,44,""
"36","CD206_per_adipocyte","ME3",0.135465568113359,0.380617158115476,44,""
"37","Age","ME6",-0.191035511494722,0.208732486472577,45,""
"38","Sex","ME6",0.0783466008680477,0.608956896544656,45,""
"39","Bodyweight","ME6",0.100894639364462,0.509599190186341,45,""
"40","Lean_mass","ME6",-0.175076024374009,0.250017138654762,45,""
"41","Fat_mass","ME6",0.477207607620251,0.000917891560573207,45,"***"
"42","BodyFat","ME6",0.453637892437606,0.00174981504782977,45,"**"
"43","BMI","ME6",0.182996208969793,0.228889660972032,45,""
"44","Waist_circumference","ME6",0.224389451538964,0.138376848165107,45,""
"45","SBP","ME6",0.114716232483299,0.453033532376354,45,""
"46","DBP","ME6",0.150163928637583,0.324829837303709,45,""
"47","Resting_HR","ME6",0.135971534108537,0.373141884538627,45,""
"48","Max_HR","ME6",0.0269563566822206,0.860473048694737,45,""
"49","VO2peak","ME6",-0.0771381216874024,0.614508466098564,45,""
"50","VO2peak_kg_min","ME6",-0.228254896848796,0.131533967227316,45,""
"51","VO2peak_kgLM_min","ME6",0.119476494095867,0.434376034052409,45,""
"52","RMR","ME6",-0.0956400917999036,0.5368658281544,44,""
"53","Fat_OX","ME6",0.0857053793945188,0.580154993913105,44,""
"54","CHO_OX","ME6",-0.194878898902405,0.204918943619684,44,""
"55","HOMA_IR","ME6",0.354157959224876,0.0169938091294486,45,"*"
"56","Adipo_IR","ME6",0.165945294304475,0.275957885720084,45,""
"57","Glucose","ME6",0.293009487940321,0.0507762840866415,45,""
"58","Insulin","ME6",0.337511554688297,0.0233675752013088,45,"*"
"59","NEFA","ME6",0.0377932742154638,0.80531165268969,45,""
"60","Glycerol","ME6",0.11370191556165,0.457064693574965,45,""
"61","Triglyceride","ME6",0.104588207102043,0.499266603315325,44,""
"62","Lactate","ME6",0.200321142112112,0.187035353901871,45,""
"63","Cortisol","ME6",0.358723606534142,0.0167938751832292,44,"*"
"64","IFNg","ME6",-0.0660066199414096,0.666616599355932,45,""
"65","IL10","ME6",0.225754742500269,0.145498334312923,43,""
"66","IL1b","ME6",0.238652265396954,0.114385123678196,45,""
"67","IL6","ME6",0.105253342581726,0.535269192810874,37,""
"68","TNFa","ME6",-0.0475421753216977,0.756467054552444,45,""
"69","FCS_mean","ME6",0.276377522123502,0.0660912926246899,45,""
"70","SR","ME6",-0.284364415099109,0.0583331270025464,45,""
"71","CD14_per_adipocyte","ME6",0.222420281101808,0.146739695475748,44,""
"72","CD206_per_adipocyte","ME6",0.135443798498427,0.380694422968193,44,""
"73","Age","ME11",-0.141721679348557,0.353073593668491,45,""
"74","Sex","ME11",0.538465211875066,0.000135880289258755,45,"***"
"75","Bodyweight","ME11",-0.232516170896252,0.124287073710206,45,""
"76","Lean_mass","ME11",-0.493182492449107,0.000577056514798153,45,"***"
"77","Fat_mass","ME11",0.467967908473785,0.00118852619896083,45,"**"
"78","BodyFat","ME11",0.578438869389857,3.1573718251536e-05,45,"***"
"79","BMI","ME11",0.0843820993958317,0.581559638737279,45,""
"80","Waist_circumference","ME11",-0.152405826407503,0.317574924333685,45,""
"81","SBP","ME11",0.0216254598122833,0.887868246942092,45,""
"82","DBP","ME11",-0.0134994187257555,0.929866737165246,45,""
"83","Resting_HR","ME11",0.237933007539186,0.115513799761618,45,""
"84","Max_HR","ME11",-0.134829980785564,0.37720545791127,45,""
"85","VO2peak","ME11",-0.38457497421838,0.00909733922271201,45,"**"
"86","VO2peak_kg_min","ME11",-0.281959692211831,0.0605880251175386,45,""
"87","VO2peak_kgLM_min","ME11",0.1130471150326,0.459677329448582,45,""
"88","RMR","ME11",-0.230099093786058,0.132939835092354,44,""
"89","Fat_OX","ME11",-0.124979976983988,0.418898452972369,44,""
"90","CHO_OX","ME11",-0.0123665784325269,0.936498088728352,44,""
"91","HOMA_IR","ME11",0.210033415722616,0.166113152254247,45,""
"92","Adipo_IR","ME11",0.238814309363158,0.114132000024301,45,""
"93","Glucose","ME11",0.0920403748707912,0.547620356907655,45,""
"94","Insulin","ME11",0.234042087381517,0.121766465962935,45,""
"95","NEFA","ME11",0.17401509588947,0.252943829489922,45,""
"96","Glycerol","ME11",0.205933354813264,0.174728097027961,45,""
"97","Triglyceride","ME11",0.0673651611802894,0.663939910672545,44,""
"98","Lactate","ME11",0.190801098034073,0.209302068417749,45,""
"99","Cortisol","ME11",0.310082618063296,0.0405170890939308,44,"*"
"100","IFNg","ME11",0.00890829881752421,0.953686365674522,45,""
"101","IL10","ME11",0.132560923897906,0.396775365301031,43,""
"102","IL1b","ME11",0.242848898958871,0.107965883995585,45,""
"103","IL6","ME11",0.0305474854523786,0.85756297915874,37,""
"104","TNFa","ME11",-0.262922420823009,0.0809932434948726,45,""
"105","FCS_mean","ME11",0.0303999500756803,0.842860277336047,45,""
"106","SR","ME11",-0.132439651671378,0.385799083170445,45,""
"107","CD14_per_adipocyte","ME11",0.378981441112171,0.0111829648496714,44,"*"
"108","CD206_per_adipocyte","ME11",0.0157396671211844,0.91922842418741,44,""
"109","Age","ME1",-0.0091798479545327,0.952276201538911,45,""
"110","Sex","ME1",0.599035203091501,1.37754907390916e-05,45,"***"
"111","Bodyweight","ME1",-0.422931346848587,0.00379814713680362,45,"**"
"112","Lean_mass","ME1",-0.418688377965139,0.00420436624465758,45,"**"
"113","Fat_mass","ME1",0.00347240253091923,0.981938915233085,45,""
"114","BodyFat","ME1",0.140789085090152,0.356282839016403,45,""
"115","BMI","ME1",-0.208739439715196,0.16879805521484,45,""
"116","Waist_circumference","ME1",-0.53854588129725,0.000135505486815949,45,"***"
"117","SBP","ME1",0.00237055032337686,0.98766946127873,45,""
"118","DBP","ME1",-0.162575476682518,0.285963399334963,45,""
"119","Resting_HR","ME1",0.0350745402795388,0.819073763329126,45,""
"120","Max_HR","ME1",-0.260978524990637,0.0833480131188011,45,""
"121","VO2peak","ME1",-0.278723027077315,0.0637324373805093,45,""
"122","VO2peak_kg_min","ME1",0.0519344190181482,0.734751520200174,45,""
"123","VO2peak_kgLM_min","ME1",0.162939491899293,0.284871336433075,45,""
"124","RMR","ME1",-0.234473090072584,0.125525120017167,44,""
"125","Fat_OX","ME1",-0.162517061536572,0.291878829720538,44,""
"126","CHO_OX","ME1",-0.00328624661900253,0.983109257149726,44,""
"127","HOMA_IR","ME1",0.00194948794682256,0.989859512719434,45,""
"128","Adipo_IR","ME1",0.156144954105216,0.305704763046224,45,""
"129","Glucose","ME1",-0.0872927938613124,0.568548939553846,45,""
"130","Insulin","ME1",0.0360733466425161,0.814011366704994,45,""
"131","NEFA","ME1",0.141419385764461,0.354111909533329,45,""
"132","Glycerol","ME1",0.147114029181305,0.334865109021015,45,""
"133","Triglyceride","ME1",-0.290573464233736,0.0556876972029602,44,""
"134","Lactate","ME1",-0.0519616200234533,0.734617652340143,45,""
"135","Cortisol","ME1",-0.0209188265150382,0.89278599470492,44,""
"136","IFNg","ME1",0.118957556770947,0.43638892553305,45,""
"137","IL10","ME1",0.0636225869047689,0.685243349711699,43,""
"138","IL1b","ME1",0.247356069559734,0.101381942798093,45,""
"139","IL6","ME1",-0.0225644256656916,0.894541476042228,37,""
"140","TNFa","ME1",-0.0995882926219797,0.515123701889865,45,""
"141","FCS_mean","ME1",-0.326311955978667,0.028695921617869,45,"*"
"142","SR","ME1",0.266308452512266,0.0770162531872775,45,""
"143","CD14_per_adipocyte","ME1",0.214302625725872,0.162446869283793,44,""
"144","CD206_per_adipocyte","ME1",0.03125160410486,0.840400699706855,44,""
"145","Age","ME2",-0.0888897468142965,0.561468133822018,45,""
"146","Sex","ME2",0.0802266873976974,0.600363181687714,45,""
"147","Bodyweight","ME2",-0.0279879440494694,0.855189411743713,45,""
"148","Lean_mass","ME2",-0.111961278334856,0.464027506416993,45,""
"149","Fat_mass","ME2",0.228313774556857,0.13143173139383,45,""
"150","BodyFat","ME2",0.18142180513692,0.232988551904572,45,""
"151","BMI","ME2",0.0275067347352359,0.857653329382624,45,""
"152","Waist_circumference","ME2",0.0357081542215696,0.815861467571769,45,""
"153","SBP","ME2",0.0591802207254353,0.699377950566782,45,""
"154","DBP","ME2",-0.0279025737734622,0.855626431225315,45,""
"155","Resting_HR","ME2",0.16153330274684,0.289105041069026,45,""
"156","Max_HR","ME2",0.0810795579031983,0.596482308432229,45,""
"157","VO2peak","ME2",-0.00710119035590734,0.963074101559153,45,""
"158","VO2peak_kg_min","ME2",0.0306796916392773,0.84143270236274,45,""
"159","VO2peak_kgLM_min","ME2",0.150974399307429,0.322195191464253,45,""
"160","RMR","ME2",-0.151616664198772,0.325876599019163,44,""
"161","Fat_OX","ME2",-0.0299063504317096,0.847187374494857,44,""
"162","CHO_OX","ME2",-0.0989119977439816,0.522960123591446,44,""
"163","HOMA_IR","ME2",0.131114717187347,0.390611709960517,45,""
"164","Adipo_IR","ME2",0.0428303998496615,0.779969991675368,45,""
"165","Glucose","ME2",-0.112842679643341,0.46049466984366,45,""
"166","Insulin","ME2",0.157618658532428,0.301105400099809,45,""
"167","NEFA","ME2",-0.04078233907631,0.790248151971301,45,""
"168","Glycerol","ME2",0.176815720443635,0.245267544965716,45,""
"169","Triglyceride","ME2",0.0205482077579192,0.894674736018487,44,""
"170","Lactate","ME2",0.111021258058988,0.467811282421026,45,""
"171","Cortisol","ME2",0.0692060108416215,0.655322043044633,44,""
"172","IFNg","ME2",0.0831985708050322,0.586888083482097,45,""
"173","IL10","ME2",0.230167920876096,0.137582193478306,43,""
"174","IL1b","ME2",0.185480152899054,0.222524007639571,45,""
"175","IL6","ME2",0.194975936319866,0.247506875802248,37,""
"176","TNFa","ME2",0.244726003002046,0.105185287286867,45,""
"177","FCS_mean","ME2",0.00849514099433367,0.955832175552907,45,""
"178","SR","ME2",0.0588151437531978,0.701145985367147,45,""
"179","CD14_per_adipocyte","ME2",0.101841496247837,0.510662793493823,44,""
"180","CD206_per_adipocyte","ME2",0.123638402273914,0.423948846797806,44,""
"181","Age","ME9",0.0800578698271971,0.601132667229013,45,""
"182","Sex","ME9",0.173368489057912,0.254738813794489,45,""
"183","Bodyweight","ME9",-0.171030940795048,0.261299030549484,45,""
"184","Lean_mass","ME9",-0.0011816362550245,0.993853481222644,45,""
"185","Fat_mass","ME9",-0.277851119281895,0.0646013489201256,45,""
"186","BodyFat","ME9",-0.251702955072679,0.0953286133941604,45,""
"187","BMI","ME9",-0.171601796531644,0.25968665238741,45,""
"188","Waist_circumference","ME9",-0.310895690449916,0.0376461471850986,45,"*"
"189","SBP","ME9",0.0132573135917566,0.931121494925807,45,""
"190","DBP","ME9",-0.115245743538224,0.450936834961955,45,""
"191","Resting_HR","ME9",-0.0459069428672181,0.764600396069894,45,""
"192","Max_HR","ME9",-0.120668060292803,0.429773735731069,45,""
"193","VO2peak","ME9",0.095738688660002,0.531576225610618,45,""
"194","VO2peak_kg_min","ME9",0.303149032677512,0.0429422954797395,45,"*"
"195","VO2peak_kgLM_min","ME9",0.143473846430565,0.347091912670258,45,""
"196","RMR","ME9",-0.0208571429448311,0.893100305151014,44,""
"197","Fat_OX","ME9",-0.0857215684538717,0.580083189287493,44,""
"198","CHO_OX","ME9",0.0852172387272791,0.582321966208649,44,""
"199","HOMA_IR","ME9",-0.0815243269898638,0.594462828462236,45,""
"200","Adipo_IR","ME9",-0.0242851236479175,0.874182184947374,45,""
"201","Glucose","ME9",-0.30498828960491,0.0416329005943656,45,"*"
"202","Insulin","ME9",-0.0452555650187979,0.767847271308535,45,""
"203","NEFA","ME9",-0.0676807228275479,0.658672194147733,45,""
"204","Glycerol","ME9",0.0171494410853936,0.910971851886063,45,""
"205","Triglyceride","ME9",-0.23641419946968,0.122335916201886,44,""
"206","Lactate","ME9",-0.12843768356825,0.400442328277163,45,""
"207","Cortisol","ME9",-0.246165714761277,0.107230523102324,44,""
"208","IFNg","ME9",0.0927712638718207,0.544431370153426,45,""
"209","IL10","ME9",-0.00322395739184339,0.983630173809855,43,""
"210","IL1b","ME9",-0.0178839385728334,0.907175143073296,45,""
"211","IL6","ME9",0.0864035818590927,0.611112432708893,37,""
"212","TNFa","ME9",0.244786027334871,0.105097285230245,45,""
"213","FCS_mean","ME9",-0.398245297213751,0.00674008556196795,45,"**"
"214","SR","ME9",0.373826900428965,0.0114195231044199,45,"*"
"215","CD14_per_adipocyte","ME9",-0.0462170276570896,0.765777446799234,44,""
"216","CD206_per_adipocyte","ME9",-0.0396373297800507,0.798371322208441,44,""
"217","Age","ME4",-0.112804072546172,0.460649110437495,45,""
"218","Sex","ME4",-0.15736605334713,0.301890594929253,45,""
"219","Bodyweight","ME4",-0.0442436776316139,0.772898936611592,45,""
"220","Lean_mass","ME4",0.0660439359763334,0.666439119586736,45,""
"221","Fat_mass","ME4",-0.199541559915794,0.188792575952222,45,""
"222","BodyFat","ME4",-0.186708630461351,0.21942137929303,45,""
"223","BMI","ME4",-0.140513329247491,0.357235157340009,45,""
"224","Waist_circumference","ME4",-0.0223547742866375,0.884111968707208,45,""
"225","SBP","ME4",-0.238669532477993,0.114358131059199,45,""
"226","DBP","ME4",-0.136287991345946,0.372020042375612,45,""
"227","Resting_HR","ME4",0.058700970163189,0.701699238900715,45,""
"228","Max_HR","ME4",0.144479907201112,0.343685636572265,45,""
"229","VO2peak","ME4",-0.105511558105274,0.490316894778041,45,""
"230","VO2peak_kg_min","ME4",-0.118435537107801,0.438418993557883,45,""
"231","VO2peak_kgLM_min","ME4",-0.252451062017841,0.0943155971244737,45,""
"232","RMR","ME4",0.0183635168225601,0.905819681997436,44,""
"233","Fat_OX","ME4",0.067112349962898,0.665126820661187,44,""
"234","CHO_OX","ME4",-0.0936447318676596,0.545433198446516,44,""
"235","HOMA_IR","ME4",0.0571239584293803,0.709356495471284,45,""
"236","Adipo_IR","ME4",0.166451641683035,0.27447462047819,45,""
"237","Glucose","ME4",0.191819194906129,0.206836147464454,45,""
"238","Insulin","ME4",-0.00871082541278065,0.954711940039941,45,""
"239","NEFA","ME4",0.145877667475831,0.338987474342599,45,""
"240","Glycerol","ME4",-0.116674052991897,0.445307689023353,45,""
"241","Triglyceride","ME4",0.0656662316707776,0.671931605769854,44,""
"242","Lactate","ME4",-0.0402753401994359,0.792798035433821,45,""
"243","Cortisol","ME4",0.0805047842830681,0.603426344489188,44,""
"244","IFNg","ME4",0.0765610698855163,0.617166914205446,45,""
"245","IL10","ME4",-0.103491302231562,0.508986108192481,43,""
"246","IL1b","ME4",-0.151375926669152,0.320894919428935,45,""
"247","IL6","ME4",-0.235744782640666,0.160125464869285,37,""
"248","TNFa","ME4",0.0493662839687353,0.747424924124857,45,""
"249","FCS_mean","ME4",-0.085563990703412,0.576260448779458,45,""
"250","SR","ME4",0.0818924795138755,0.592793510999968,45,""
"251","CD14_per_adipocyte","ME4",-0.22281177616564,0.146011547563406,44,""
"252","CD206_per_adipocyte","ME4",0.116748519378668,0.450420473760477,44,""
"253","Age","ME12",0.13631564194634,0.371922116805031,45,""
"254","Sex","ME12",-0.163336433910743,0.28368359712751,45,""
"255","Bodyweight","ME12",0.320460666160111,0.0318586657619738,45,"*"
"256","Lean_mass","ME12",0.125901274213636,0.409887494876009,45,""
"257","Fat_mass","ME12",0.313146242541764,0.0362122119933918,45,"*"
"258","BodyFat","ME12",0.230009825077002,0.128512135398128,45,""
"259","BMI","ME12",0.252858696262075,0.0937671313849443,45,""
"260","Waist_circumference","ME12",0.28980839112317,0.0534764409476717,45,""
"261","SBP","ME12",-0.0770271083675725,0.615019520828902,45,""
"262","DBP","ME12",0.107656812334115,0.481487979322082,45,""
"263","Resting_HR","ME12",-0.0681634077832999,0.65638846391698,45,""
"264","Max_HR","ME12",-0.111033329335312,0.467762588760543,45,""
"265","VO2peak","ME12",0.0384248851050766,0.802122615511799,45,""
"266","VO2peak_kg_min","ME12",-0.221285221898317,0.144060976497829,45,""
"267","VO2peak_kgLM_min","ME12",-0.110024048525739,0.471843212758346,45,""
"268","RMR","ME12",-0.18191484741467,0.237269001451564,44,""
"269","Fat_OX","ME12",-0.189106130594077,0.218919768178026,44,""
"270","CHO_OX","ME12",0.0603607782003021,0.69711575510464,44,""
"271","HOMA_IR","ME12",0.221051032549926,0.144496698864815,45,""
"272","Adipo_IR","ME12",-0.168330480845315,0.269016830025218,45,""
"273","Glucose","ME12",0.265239965263016,0.0782542832380132,45,""
"274","Insulin","ME12",0.217652162834048,0.150930587849831,45,""
"275","NEFA","ME12",-0.285055382967085,0.0576977994502626,45,""
"276","Glycerol","ME12",-0.116849476703843,0.444618997105343,45,""
"277","Triglyceride","ME12",0.128723919706068,0.404986114312281,44,""
"278","Lactate","ME12",0.418177706014648,0.00425573142407436,45,"**"
"279","Cortisol","ME12",-0.0840522888289777,0.587508116382243,44,""
"280","IFNg","ME12",0.0117903021368168,0.938727996394675,45,""
"281","IL10","ME12",-0.0593204107217473,0.705534151151479,43,""
"282","IL1b","ME12",-0.142661381123503,0.349857790887024,45,""
"283","IL6","ME12",0.0787817962621132,0.643016927283493,37,""
"284","TNFa","ME12",0.185277907957433,0.223037684677011,45,""
"285","FCS_mean","ME12",0.305937435341989,0.0409700516674051,45,"*"
"286","SR","ME12",-0.125332765018848,0.412021915745034,45,""
"287","CD14_per_adipocyte","ME12",0.0481878423214224,0.75608912154673,44,""
"288","CD206_per_adipocyte","ME12",0.083386023925479,0.590483436574904,44,""
"289","Age","ME14",0.0279904189615974,0.855176743044904,45,""
"290","Sex","ME14",-0.960473372959104,1.65302254178259e-25,45,"***"
"291","Bodyweight","ME14",0.662619106874897,7.10333498663448e-07,45,"***"
"292","Lean_mass","ME14",0.808376068697539,1.88132377916399e-11,45,"***"
"293","Fat_mass","ME14",-0.32775360436241,0.0279580781447062,45,"*"
"294","BodyFat","ME14",-0.555841735810039,7.37171386105677e-05,45,"***"
"295","BMI","ME14",0.217923048743821,0.150410221751696,45,""
"296","Waist_circumference","ME14",0.622527892198596,4.97200668639769e-06,45,"***"
"297","SBP","ME14",0.195859190499648,0.197251612930935,45,""
"298","DBP","ME14",0.224013678128363,0.13905591609213,45,""
"299","Resting_HR","ME14",-0.151023046109439,0.322037481496505,45,""
"300","Max_HR","ME14",0.227189037303156,0.133395032282225,45,""
"301","VO2peak","ME14",0.63353444756163,2.99556789471092e-06,45,"***"
"302","VO2peak_kg_min","ME14",0.162151478289984,0.287238850283574,45,""
"303","VO2peak_kgLM_min","ME14",-0.211884245912246,0.162326864110763,45,""
"304","RMR","ME14",0.516930758206265,0.000327256580887716,44,"***"
"305","Fat_OX","ME14",0.313656654881983,0.0381435378610785,44,"*"
"306","CHO_OX","ME14",0.0694232238221288,0.654308053348064,44,""
"307","HOMA_IR","ME14",-0.0525844366705667,0.731554638711557,45,""
"308","Adipo_IR","ME14",-0.406850133044724,0.00554513845988811,45,"**"
"309","Glucose","ME14",0.152542989659841,0.317134408419186,45,""
"310","Insulin","ME14",-0.105270445283111,0.491314429832027,45,""
"311","NEFA","ME14",-0.508351387392866,0.00036351426978924,45,"***"
"312","Glycerol","ME14",-0.4758983778446,0.00095253960266544,45,"***"
"313","Triglyceride","ME14",-0.0652210452329555,0.674031711908035,44,""
"314","Lactate","ME14",0.0184723261271378,0.904135165866693,45,""
"315","Cortisol","ME14",-0.0804232298374578,0.603794480453435,44,""
"316","IFNg","ME14",-0.214129615611013,0.157818264739677,45,""
"317","IL10","ME14",0.0228268068667863,0.884479216591861,43,""
"318","IL1b","ME14",-0.303960324717337,0.0423606450521956,45,"*"
"319","IL6","ME14",0.0521405045501484,0.75923831834771,37,""
"320","TNFa","ME14",0.000948409795325093,0.995066638841043,45,""
"321","FCS_mean","ME14",0.244395104783733,0.105671432210742,45,""
"322","SR","ME14",-0.148925996081256,0.32888008403427,45,""
"323","CD14_per_adipocyte","ME14",-0.183198712863213,0.233918639504373,44,""
"324","CD206_per_adipocyte","ME14",0.0366312608568817,0.813379645771972,44,""
"325","Age","ME8",-0.035682973748105,0.815989070956726,45,""
"326","Sex","ME8",-0.381970105684924,0.00961912283827287,45,"**"
"327","Bodyweight","ME8",0.47790396409222,0.000899925444971203,45,"***"
"328","Lean_mass","ME8",0.265387284775706,0.0780826650356046,45,""
"329","Fat_mass","ME8",0.405528095673378,0.0057157810228913,45,"**"
"330","BodyFat","ME8",0.219965338869131,0.146529425635813,45,""
"331","BMI","ME8",0.379929557372529,0.0100456469283069,45,"*"
"332","Waist_circumference","ME8",0.622409521612569,4.99864729154115e-06,45,"***"
"333","SBP","ME8",-0.00586314142792737,0.969508561804632,45,""
"334","DBP","ME8",0.207370809111452,0.171671890391687,45,""
"335","Resting_HR","ME8",-0.152230637271751,0.318138127219049,45,""
"336","Max_HR","ME8",0.0679633079825245,0.657334823004646,45,""
"337","VO2peak","ME8",0.201758959975767,0.183825053419311,45,""
"338","VO2peak_kg_min","ME8",-0.164757173736463,0.279458968543718,45,""
"339","VO2peak_kgLM_min","ME8",-0.0539563431795369,0.724822199338295,45,""
"340","RMR","ME8",0.134992409822083,0.382298585739781,44,""
"341","Fat_OX","ME8",0.194870951557824,0.20493777655032,44,""
"342","CHO_OX","ME8",-0.125011637502769,0.418779679719897,44,""
"343","HOMA_IR","ME8",0.197905358507801,0.192518782517643,45,""
"344","Adipo_IR","ME8",-0.0974935819755603,0.524044378226685,45,""
"345","Glucose","ME8",0.320711174102152,0.0317175921008374,45,"*"
"346","Insulin","ME8",0.160399480106486,0.292548336713163,45,""
"347","NEFA","ME8",-0.146171136174643,0.338006138838553,45,""
"348","Glycerol","ME8",-0.0395106908247074,0.796647775709782,45,""
"349","Triglyceride","ME8",0.291852923360313,0.0545701107171735,44,""
"350","Lactate","ME8",0.246258072436151,0.102956704230479,45,""
"351","Cortisol","ME8",0.0324631304357748,0.834298421765691,44,""
"352","IFNg","ME8",-0.044265119675325,0.772791793942622,45,""
"353","IL10","ME8",-0.0754112463059491,0.630787764864677,43,""
"354","IL1b","ME8",-0.17478758551559,0.250810561517007,45,""
"355","IL6","ME8",-0.0278017983349792,0.870251680444714,37,""
"356","TNFa","ME8",0.222154513968478,0.142452105342064,45,""
"357","FCS_mean","ME8",0.483048516356139,0.000776640247099813,45,"***"
"358","SR","ME8",-0.248408285464966,0.0998902659693968,45,""
"359","CD14_per_adipocyte","ME8",0.0506845254360609,0.743868720914163,44,""
"360","CD206_per_adipocyte","ME8",0.0250258551551327,0.871897332612674,44,""
"361","Age","ME13",0.00381622688126604,0.980150913851945,45,""
"362","Sex","ME13",-0.486743867048881,0.000697651858400096,45,"***"
"363","Bodyweight","ME13",0.425192862065011,0.00359601843578611,45,"**"
"364","Lean_mass","ME13",0.393233674955677,0.00753414255873062,45,"**"
"365","Fat_mass","ME13",0.0354437218152934,0.817201727195974,45,""
"366","BodyFat","ME13",-0.108274308531708,0.478962200691727,45,""
"367","BMI","ME13",0.276607489114474,0.065856992852228,45,""
"368","Waist_circumference","ME13",0.540816629612914,0.000125332838072369,45,"***"
"369","SBP","ME13",0.0386169028334936,0.801153735077939,45,""
"370","DBP","ME13",0.310622558731218,0.0378232996250187,45,"*"
"371","Resting_HR","ME13",-0.219056700978404,0.148246809443903,45,""
"372","Max_HR","ME13",0.0637585425336216,0.677341641312521,45,""
"373","VO2peak","ME13",0.293764263819048,0.0501559482697694,45,""
"374","VO2peak_kg_min","ME13",-0.015728779816382,0.918320920240243,45,""
"375","VO2peak_kgLM_min","ME13",-0.089399517539025,0.559216533283086,45,""
"376","RMR","ME13",0.285679191195713,0.0601334156859847,44,""
"377","Fat_OX","ME13",0.169147509721474,0.272366268013018,44,""
"378","CHO_OX","ME13",0.033365263286264,0.829760731101798,44,""
"379","HOMA_IR","ME13",0.0365236822974881,0.811731300162052,45,""
"380","Adipo_IR","ME13",-0.183932981849533,0.226474450116982,45,""
"381","Glucose","ME13",0.182048168179065,0.231351869815893,45,""
"382","Insulin","ME13",-0.0129642473325738,0.932640589487443,45,""
"383","NEFA","ME13",-0.257661523420698,0.0874892368285239,45,""
"384","Glycerol","ME13",-0.237129439974036,0.116784743474408,45,""
"385","Triglyceride","ME13",0.111114659599076,0.472719696677562,44,""
"386","Lactate","ME13",0.0550570053124614,0.719435624667723,45,""
"387","Cortisol","ME13",-0.111374768758591,0.471677442650406,44,""
"388","IFNg","ME13",-0.046852362725043,0.759894937457443,45,""
"389","IL10","ME13",-0.241952695891994,0.118013873295542,43,""
"390","IL1b","ME13",-0.21069558186937,0.164751252734045,45,""
"391","IL6","ME13",-0.18343928103684,0.277136485077674,37,""
"392","TNFa","ME13",0.111112640884576,0.467442725628055,45,""
"393","FCS_mean","ME13",0.341925319144679,0.0215086969690104,45,"*"
"394","SR","ME13",-0.185958519735077,0.221312268384327,45,""
"395","CD14_per_adipocyte","ME13",-0.0305058531148741,0.8441615617593,44,""
"396","CD206_per_adipocyte","ME13",-0.113579682436782,0.462891622081487,44,""
"397","Age","ME10",-0.0290293749388533,0.849861703976939,45,""
"398","Sex","ME10",-0.299954471544387,0.0452962399770087,45,"*"
"399","Bodyweight","ME10",0.177224613219179,0.244160137337183,45,""
"400","Lean_mass","ME10",0.254641502352495,0.0913973358820977,45,""
"401","Fat_mass","ME10",-0.143454356624682,0.347158104318938,45,""
"402","BodyFat","ME10",-0.22855723918687,0.131009607764782,45,""
"403","BMI","ME10",0.0542363400988423,0.723450652700371,45,""
"404","Waist_circumference","ME10",0.130288529354046,0.393630440207342,45,""
"405","SBP","ME10",0.0662503365451693,0.665457777997145,45,""
"406","DBP","ME10",0.00576268173986047,0.970030766206654,45,""
"407","Resting_HR","ME10",0.177869908503604,0.242419378000877,45,""
"408","Max_HR","ME10",0.175648064025004,0.248448608478727,45,""
"409","VO2peak","ME10",0.254072112096374,0.0921490956134537,45,""
"410","VO2peak_kg_min","ME10",0.155572427232972,0.30750364760027,45,""
"411","VO2peak_kgLM_min","ME10",0.0400200032894749,0.794083030005008,45,""
"412","RMR","ME10",0.290314251829622,0.0559163378019577,44,""
"413","Fat_OX","ME10",0.0843020117396183,0.586394661256854,44,""
"414","CHO_OX","ME10",0.199400495539162,0.194399899297914,44,""
"415","HOMA_IR","ME10",-0.0852971345678799,0.577455016215263,45,""
"416","Adipo_IR","ME10",-0.159406944806074,0.295584272425983,45,""
"417","Glucose","ME10",-0.337529502769672,0.0233597524117058,45,"*"
"418","Insulin","ME10",-0.029150429901793,0.849242840292717,45,""
"419","NEFA","ME10",-0.0861111476665047,0.573814653527497,45,""
"420","Glycerol","ME10",-0.0574284639340019,0.707875718545993,45,""
"421","Triglyceride","ME10",-0.0629643045149537,0.684714986898008,44,""
"422","Lactate","ME10",0.0146876340535305,0.923711070474714,45,""
"423","Cortisol","ME10",0.190026695092447,0.21664384892908,44,""
"424","IFNg","ME10",-0.0942378874105322,0.538059239492861,45,""
"425","IL10","ME10",0.0854776386183659,0.585755747923763,43,""
"426","IL1b","ME10",-0.0873720306666095,0.568196639091784,45,""
"427","IL6","ME10",0.127642886195123,0.451533917687,37,""
"428","TNFa","ME10",-0.0540242039825523,0.724489709223295,45,""
"429","FCS_mean","ME10",-0.0206134280307395,0.893084648758576,45,""
"430","SR","ME10",-0.138909007330011,0.362806270164111,45,""
"431","CD14_per_adipocyte","ME10",-0.138841484794695,0.368747945178701,44,""
"432","CD206_per_adipocyte","ME10",-0.117897717367147,0.445943495320095,44,""
"433","Age","ME7",0.206029553600218,0.174522351550511,45,""
"434","Sex","ME7",0.45119251636562,0.00186613656262835,45,"**"
"435","Bodyweight","ME7",-0.527221128203035,0.000198347790991068,45,"***"
"436","Lean_mass","ME7",-0.234663935765549,0.120750386636854,45,""
"437","Fat_mass","ME7",-0.460028368706017,0.00147561256439264,45,"**"
"438","BodyFat","ME7",-0.299158319954351,0.0458989342141587,45,"*"
"439","BMI","ME7",-0.450022244006326,0.00192418871372132,45,"**"
"440","Waist_circumference","ME7",-0.713168860645776,3.85716325101799e-08,45,"***"
"441","SBP","ME7",-0.156974484322253,0.303110338990462,45,""
"442","DBP","ME7",-0.247050078246771,0.101818927725105,45,""
"443","Resting_HR","ME7",-0.15694067903471,0.303215791005693,45,""
"444","Max_HR","ME7",-0.25572757320327,0.0899766019995957,45,""
"445","VO2peak","ME7",-0.199346945957281,0.189233072315089,45,""
"446","VO2peak_kg_min","ME7",0.278628207606156,0.0638264773595536,45,""
"447","VO2peak_kgLM_min","ME7",0.0174828782918475,0.909248025374832,45,""
"448","RMR","ME7",-0.286207547068732,0.0596402453738818,44,""
"449","Fat_OX","ME7",-0.229043605952474,0.134777038492206,44,""
"450","CHO_OX","ME7",-0.00544281651021606,0.97202836882836,44,""
"451","HOMA_IR","ME7",-0.31261442318654,0.0365469412240409,45,"*"
"452","Adipo_IR","ME7",0.103206037499249,0.499898176329403,45,""
"453","Glucose","ME7",-0.245871151785462,0.103516078905027,45,""
"454","Insulin","ME7",-0.280621349766407,0.0618728395503581,45,""
"455","NEFA","ME7",0.226407641079556,0.134771840722225,45,""
"456","Glycerol","ME7",0.0588254175427378,0.701096208925086,45,""
"457","Triglyceride","ME7",-0.29315378756245,0.0534523817039416,44,""
"458","Lactate","ME7",-0.281686343965592,0.0608486925112706,45,""
"459","Cortisol","ME7",-0.262925680808113,0.0846487597495528,44,""
"460","IFNg","ME7",0.20911599915315,0.168013503683704,45,""
"461","IL10","ME7",-0.0333378950885021,0.831928964224723,43,""
"462","IL1b","ME7",0.070599896032823,0.644908269770446,45,""
"463","IL6","ME7",-0.129402236114808,0.445269665532161,37,""
"464","TNFa","ME7",0.0862828982091599,0.573047907076802,45,""
"465","FCS_mean","ME7",-0.476704095450089,0.000931081179141681,45,"***"
"466","SR","ME7",0.474309029918454,0.000996167360341947,45,"***"
"467","CD14_per_adipocyte","ME7",-0.105298892407736,0.496339302588254,44,""
"468","CD206_per_adipocyte","ME7",-0.102292392530235,0.508783064907275,44,""
"469","Age","ME5",0.295165789468861,0.0490203186685511,45,"*"
"470","Sex","ME5",-0.115321910748274,0.450635673291509,45,""
"471","Bodyweight","ME5",0.0196503033161488,0.898053114932197,45,""
"472","Lean_mass","ME5",0.231082136030047,0.12669150412534,45,""
"473","Fat_mass","ME5",-0.43036238571079,0.00316903736684253,45,"**"
"474","BodyFat","ME5",-0.412726276551707,0.00483919574900785,45,"**"
"475","BMI","ME5",-0.0745369052713724,0.626530280594627,45,""
"476","Waist_circumference","ME5",-0.0985142665300844,0.519688099252243,45,""
"477","SBP","ME5",0.166699911252716,0.273749276435211,45,""
"478","DBP","ME5",0.116604936726962,0.445579191966869,45,""
"479","Resting_HR","ME5",-0.199227942689236,0.189502788443374,45,""
"480","Max_HR","ME5",-0.102177386776378,0.504203746833933,45,""
"481","VO2peak","ME5",0.218327194979089,0.149636319746681,45,""
"482","VO2peak_kg_min","ME5",0.253259026287129,0.0932308979621371,45,""
"483","VO2peak_kgLM_min","ME5",0.00561536937947631,0.970796540123055,45,""
"484","RMR","ME5",0.167155388183126,0.278136115552213,44,""
"485","Fat_OX","ME5",-0.0398603435178808,0.797260672391112,44,""
"486","CHO_OX","ME5",0.181545756816047,0.238238193161147,44,""
"487","HOMA_IR","ME5",-0.410487428680203,0.00509832905615191,45,"**"
"488","Adipo_IR","ME5",-0.22368524902461,0.139651451422256,45,""
"489","Glucose","ME5",-0.361449849327203,0.0147053136717459,45,"*"
"490","Insulin","ME5",-0.346939639975667,0.0195491381648212,45,"*"
"491","NEFA","ME5",-0.0588689662949306,0.700885229254362,45,""
"492","Glycerol","ME5",-0.121425298349528,0.426863241719176,45,""
"493","Triglyceride","ME5",-0.102661306186362,0.507247715237525,44,""
"494","Lactate","ME5",-0.305318221452721,0.0414015023357328,45,"*"
"495","Cortisol","ME5",-0.347604241073997,0.0207786512226029,44,"*"
"496","IFNg","ME5",-0.123049518841287,0.420657969815143,45,""
"497","IL10","ME5",-0.110456123228895,0.480730509204349,43,""
"498","IL1b","ME5",-0.0697302211413858,0.648996797248224,45,""
"499","IL6","ME5",0.0919850691060491,0.588184158786441,37,""
"500","TNFa","ME5",-0.166661158717632,0.273862412475884,45,""
"501","FCS_mean","ME5",-0.079121413291716,0.605408895856684,45,""
"502","SR","ME5",0.0194862097534505,0.898900013306731,45,""
"503","CD14_per_adipocyte","ME5",-0.103853774700806,0.502300977003784,44,""
"504","CD206_per_adipocyte","ME5",-0.166046650069464,0.281381866927369,44,""
"505","Age","ME15",0.0517446573203221,0.735685635337363,45,""
"506","Sex","ME15",-0.179309174058055,0.238567180358354,45,""
"507","Bodyweight","ME15",0.0509694691562048,0.739505456866387,45,""
"508","Lean_mass","ME15",0.154539776609754,0.310765298372553,45,""
"509","Fat_mass","ME15",-0.158860342492187,0.297264859489641,45,""
"510","BodyFat","ME15",-0.194968295184675,0.199337731930996,45,""
"511","BMI","ME15",0.00397410784110695,0.97932991186622,45,""
"512","Waist_circumference","ME15",0.0270527547265537,0.859979053308658,45,""
"513","SBP","ME15",-0.00905910931174595,0.952903183977726,45,""
"514","DBP","ME15",0.0553581977109943,0.717963933518841,45,""
"515","Resting_HR","ME15",-0.224716773411736,0.137787349018566,45,""
"516","Max_HR","ME15",0.0536610107933173,0.726269789279081,45,""
"517","VO2peak","ME15",-0.00155729070353571,0.991899495962905,45,""
"518","VO2peak_kg_min","ME15",-0.0349453285207712,0.819729202616266,45,""
"519","VO2peak_kgLM_min","ME15",-0.309521996807031,0.0385440645427417,45,"*"
"520","RMR","ME15",0.114852665721376,0.457859559169998,44,""
"521","Fat_OX","ME15",0.209788725488422,0.171692671517183,44,""
"522","CHO_OX","ME15",-0.153076966870877,0.321183597774747,44,""
"523","HOMA_IR","ME15",-0.0817575809827935,0.593404942056509,45,""
"524","Adipo_IR","ME15",0.081547188190478,0.594359108377243,45,""
"525","Glucose","ME15",-0.117407425553277,0.442432460111793,45,""
"526","Insulin","ME15",-0.0911576470951881,0.551483679326532,45,""
"527","NEFA","ME15",0.0922696913787395,0.546618853417295,45,""
"528","Glycerol","ME15",0.177243140834734,0.244110039184695,45,""
"529","Triglyceride","ME15",0.0310426633593057,0.84145404878816,44,""
"530","Lactate","ME15",-0.509288505056251,0.000353031968914897,45,"***"
"531","Cortisol","ME15",-0.306939553467926,0.0427028840731502,44,"*"
"532","IFNg","ME15",0.220421644710905,0.145672536351719,45,""
"533","IL10","ME15",-0.0529709206262186,0.735849270127843,43,""
"534","IL1b","ME15",0.107010824943247,0.484137761369502,45,""
"535","IL6","ME15",0.0607329852203906,0.721035916254729,37,""
"536","TNFa","ME15",-0.0457690552888067,0.765287383249714,45,""
"537","FCS_mean","ME15",0.0792323868553186,0.604901460854601,45,""
"538","SR","ME15",0.108344642461294,0.478674953371108,45,""
"539","CD14_per_adipocyte","ME15",-0.0192449282226556,0.9013209915587,44,""
"540","CD206_per_adipocyte","ME15",0.00913031202250492,0.95309445653151,44,""
